Model,R2
Linear Regression,0.9801208868792162
Random Forest,0.9785225314550116
XGBoost,0.9739679098129272
